{"10": {"real_score": 228.5235137939453, "real_count": 230}, "9": {"real_score": 211.75265502929688, "real_count": 230}, "8": {"real_score": 210.5872802734375, "real_count": 230}, "7": {"real_score": 216.921875, "real_count": 230}, "6": {"real_score": 213.33026123046875, "real_count": 230}, "5": {"real_score": 212.75259399414062, "real_count": 230}, "4": {"real_score": 214.21994018554688, "real_count": 230}, "3": {"real_score": 205.7588653564453, "real_count": 226}, "2": {"real_score": 212.07598876953125, "real_count": 230}, "1": {"real_score": 209.8343505859375, "real_count": 230}}