{"10": {"real_score": 52.567710876464844, "real_count": 53}, "9": {"real_score": 52.194183349609375, "real_count": 53}, "8": {"real_score": 50.48615264892578, "real_count": 53}, "7": {"real_score": 52.567710876464844, "real_count": 53}, "6": {"real_score": 52.567710876464844, "real_count": 53}, "5": {"real_score": 52.567710876464844, "real_count": 53}, "4": {"real_score": 52.567710876464844, "real_count": 53}, "3": {"real_score": 52.567710876464844, "real_count": 53}, "2": {"real_score": 52.567710876464844, "real_count": 53}, "1": {"real_score": 52.567710876464844, "real_count": 53}}