{"10": {"real_score": 33.93914794921875, "real_count": 39}, "9": {"real_score": 23.442066192626953, "real_count": 26}, "8": {"real_score": 25.850309371948242, "real_count": 32}, "7": {"real_score": 25.237342834472656, "real_count": 30}, "6": {"real_score": 25.911523818969727, "real_count": 32}, "5": {"real_score": 25.911523818969727, "real_count": 32}, "4": {"real_score": 25.911523818969727, "real_count": 32}, "3": {"real_score": 25.911523818969727, "real_count": 32}, "2": {"real_score": 25.911523818969727, "real_count": 32}, "1": {"real_score": 25.911523818969727, "real_count": 32}}