{"10": {"real_score": 105.4589614868164, "real_count": 117}, "9": {"real_score": 107.16584777832031, "real_count": 117}, "8": {"real_score": 100.9069595336914, "real_count": 117}, "7": {"real_score": 105.4589614868164, "real_count": 117}, "6": {"real_score": 107.16584777832031, "real_count": 117}, "5": {"real_score": 105.4589614868164, "real_count": 117}, "4": {"real_score": 105.4589614868164, "real_count": 117}, "3": {"real_score": 105.4589614868164, "real_count": 117}, "2": {"real_score": 105.4589614868164, "real_count": 117}, "1": {"real_score": 105.4589614868164, "real_count": 117}}