{"10": {"real_score": 33.93914794921875, "real_count": 39}, "9": {"real_score": 25.60427474975586, "real_count": 31}, "8": {"real_score": 23.523893356323242, "real_count": 25}, "7": {"real_score": 24.76691436767578, "real_count": 30}, "6": {"real_score": 31.17958641052246, "real_count": 39}, "5": {"real_score": 31.17958641052246, "real_count": 39}, "4": {"real_score": 31.17958641052246, "real_count": 39}, "3": {"real_score": 31.17958641052246, "real_count": 39}, "2": {"real_score": 31.17958641052246, "real_count": 39}, "1": {"real_score": 31.17958641052246, "real_count": 39}}