{"10": {"real_score": 196.37503051757812, "real_count": 212}, "9": {"real_score": 185.28555297851562, "real_count": 209}, "8": {"real_score": 201.8587646484375, "real_count": 212}, "7": {"real_score": 165.57159423828125, "real_count": 164}, "6": {"real_score": 202.16793823242188, "real_count": 212}, "5": {"real_score": 203.189697265625, "real_count": 212}, "4": {"real_score": 193.79244995117188, "real_count": 211}, "3": {"real_score": 195.28868103027344, "real_count": 212}, "2": {"real_score": 195.28868103027344, "real_count": 212}, "1": {"real_score": 195.28868103027344, "real_count": 212}}