{"10": {"real_score": 70.66334533691406, "real_count": 74}, "9": {"real_score": 69.240234375, "real_count": 74}, "8": {"real_score": 69.1781005859375, "real_count": 74}, "7": {"real_score": 70.66334533691406, "real_count": 74}, "6": {"real_score": 70.66334533691406, "real_count": 74}, "5": {"real_score": 70.66334533691406, "real_count": 74}, "4": {"real_score": 70.66334533691406, "real_count": 74}, "3": {"real_score": 70.66334533691406, "real_count": 74}, "2": {"real_score": 70.66334533691406, "real_count": 74}, "1": {"real_score": 70.66334533691406, "real_count": 74}}