{"10": {"real_score": 33.93914794921875, "real_count": 39}, "9": {"real_score": 23.54460906982422, "real_count": 26}, "8": {"real_score": 24.364456176757812, "real_count": 26}, "7": {"real_score": 27.825775146484375, "real_count": 38}, "6": {"real_score": 26.28759765625, "real_count": 31}, "5": {"real_score": 26.28759765625, "real_count": 31}, "4": {"real_score": 26.28759765625, "real_count": 31}, "3": {"real_score": 26.28759765625, "real_count": 31}, "2": {"real_score": 26.28759765625, "real_count": 31}, "1": {"real_score": 26.28759765625, "real_count": 31}}