{"10": {"real_score": 33.93914794921875, "real_count": 39}, "9": {"real_score": 31.381357192993164, "real_count": 38}, "8": {"real_score": 31.13286590576172, "real_count": 39}, "7": {"real_score": 31.148548126220703, "real_count": 39}, "6": {"real_score": 32.65452194213867, "real_count": 39}, "5": {"real_score": 32.65452194213867, "real_count": 39}, "4": {"real_score": 32.65452194213867, "real_count": 39}, "3": {"real_score": 32.65452194213867, "real_count": 39}, "2": {"real_score": 32.65452194213867, "real_count": 39}, "1": {"real_score": 32.65452194213867, "real_count": 39}}