{"10": {"real_score": 94.52729797363281, "real_count": 115}, "9": {"real_score": 72.19503784179688, "real_count": 73}, "8": {"real_score": 78.2320785522461, "real_count": 91}, "7": {"real_score": 80.39112854003906, "real_count": 107}, "6": {"real_score": 85.88789367675781, "real_count": 112}, "5": {"real_score": 78.59449005126953, "real_count": 95}, "4": {"real_score": 85.43756866455078, "real_count": 114}, "3": {"real_score": 82.4019775390625, "real_count": 109}, "2": {"real_score": 82.4019775390625, "real_count": 109}, "1": {"real_score": 82.4019775390625, "real_count": 109}}