{"10": {"real_score": 33.93914794921875, "real_count": 39}, "9": {"real_score": 26.761789321899414, "real_count": 37}, "8": {"real_score": 25.405437469482422, "real_count": 31}, "7": {"real_score": 24.19354820251465, "real_count": 26}, "6": {"real_score": 26.71569061279297, "real_count": 38}, "5": {"real_score": 26.71569061279297, "real_count": 38}, "4": {"real_score": 26.71569061279297, "real_count": 38}, "3": {"real_score": 26.71569061279297, "real_count": 38}, "2": {"real_score": 26.71569061279297, "real_count": 38}, "1": {"real_score": 26.71569061279297, "real_count": 38}}