{"10": {"real_score": 33.93914794921875, "real_count": 39}, "9": {"real_score": 30.97181510925293, "real_count": 38}, "8": {"real_score": 35.766693115234375, "real_count": 39}, "7": {"real_score": 33.942481994628906, "real_count": 39}, "6": {"real_score": 32.18017578125, "real_count": 39}, "5": {"real_score": 32.18017578125, "real_count": 39}, "4": {"real_score": 32.18017578125, "real_count": 39}, "3": {"real_score": 32.18017578125, "real_count": 39}, "2": {"real_score": 32.18017578125, "real_count": 39}, "1": {"real_score": 32.18017578125, "real_count": 39}}