{"7": {"real_score": 135.116943359375, "real_count": 138}, "6": {"real_score": 133.6495819091797, "real_count": 138}, "5": {"real_score": 134.16082763671875, "real_count": 138}, "4": {"real_score": 134.37149047851562, "real_count": 138}, "3": {"real_score": 134.37149047851562, "real_count": 138}, "2": {"real_score": 134.37149047851562, "real_count": 138}, "1": {"real_score": 107.36551666259766, "real_count": 132}}